id,snr_target_db,duration_sec,noisy_pesq,noisy_stoi,noisy_si_snr,enh_pesq,enh_stoi,enh_si_snr,delta_pesq,delta_stoi,delta_si_snr
268,0.08,10.0,1.0632,0.6979,0.0817,1.0378,0.6679,-0.5892,-0.025399999999999867,-0.029999999999999916,-0.6708999999999999
133,4.01,10.0,1.1998,0.8986,4.0134,1.1014,0.8598,3.028,-0.09840000000000004,-0.038799999999999946,-0.9853999999999998
178,18.0,10.0,2.3041,0.9835,18.0027,1.2821,0.9213,6.4393,-1.022,-0.06220000000000003,-11.563400000000001
0,14.99,10.0,2.3496,0.9807,14.9927,1.1736,0.8823,3.9233,-1.1760000000000002,-0.09840000000000004,-11.0694
252,-0.01,10.0,1.0589,0.6887,-0.0105,1.0368,0.6414,-0.77,-0.02210000000000001,-0.04730000000000001,-0.7595000000000001
72,9.0,10.0,1.6999,0.9278,8.9996,1.1932,0.8589,5.8593,-0.5066999999999999,-0.06889999999999996,-3.140299999999999
238,-0.01,10.0,1.3805,0.8933,-0.006,1.0475,0.8096,-6.6258,-0.33299999999999996,-0.0837,-6.6198
58,0.0,10.0,1.0964,0.7959,0.0011,1.0982,0.7703,2.6259,0.0018000000000000238,-0.025600000000000067,2.6248
197,13.0,10.0,2.8424,0.9975,13.0,1.2223,0.9165,5.8281,-1.6201,-0.08100000000000007,-7.1719
149,16.01,10.0,1.6454,0.9544,16.0077,1.2125,0.9089,5.4207,-0.43290000000000006,-0.045499999999999985,-10.587
125,2.98,10.0,1.0609,0.7635,2.9761,1.0915,0.7527,3.8287,0.03059999999999996,-0.01079999999999992,0.8525999999999998
243,9.01,10.0,1.1596,0.871,9.0107,1.1187,0.8265,4.3163,-0.040899999999999936,-0.044499999999999984,-4.6944
156,14.0,10.0,1.2312,0.9613,13.9981,1.2309,0.9045,7.0203,-0.00029999999999996696,-0.05680000000000007,-6.977800000000001
16,9.99,10.0,1.6736,0.9812,9.9915,1.1484,0.9165,2.6185,-0.5251999999999999,-0.06469999999999998,-7.373
21,14.99,10.0,1.7014,0.9576,14.9935,1.1496,0.8909,7.3243,-0.5518000000000001,-0.06669999999999998,-7.669199999999999
88,11.01,10.0,1.2801,0.917,11.0067,1.1367,0.863,5.2247,-0.14339999999999997,-0.05400000000000005,-5.782
35,18.99,10.0,2.151,0.9854,18.9924,1.2947,0.9364,6.8637,-0.8562999999999998,-0.049000000000000044,-12.1287
90,6.0,10.0,1.3713,0.9282,5.9981,1.0962,0.8371,2.9853,-0.2750999999999999,-0.09110000000000007,-3.0128
127,15.0,10.0,1.973,0.9568,14.9972,1.2822,0.9006,4.9294,-0.6908000000000001,-0.05620000000000003,-10.067799999999998
44,2.01,10.0,1.2099,0.8875,2.008,1.0509,0.8068,0.2558,-0.15900000000000003,-0.0807,-1.7522
192,0.96,10.0,1.0597,0.715,0.956,1.0401,0.6772,-0.9889,-0.019600000000000062,-0.037799999999999945,-1.9449
66,11.01,10.0,1.5613,0.922,11.0103,1.1877,0.8602,4.4652,-0.37359999999999993,-0.06180000000000008,-6.545100000000001
23,4.0,10.0,1.6153,0.9344,4.0047,1.1011,0.8566,-0.5392,-0.5142,-0.07779999999999998,-4.5439
101,0.14,10.0,1.072,0.8964,0.1441,1.0564,0.8474,0.1119,-0.015600000000000058,-0.04899999999999993,-0.032200000000000006
47,13.0,10.0,2.1038,0.958,12.9976,1.0938,0.878,4.8577,-1.01,-0.07999999999999996,-8.1399
158,15.0,10.0,1.7355,0.9858,15.0026,1.188,0.9039,4.6549,-0.5475000000000001,-0.08189999999999997,-10.3477
6,4.02,10.0,1.0341,0.8161,4.0209,1.0679,0.7597,5.3792,0.03380000000000005,-0.056400000000000006,1.3582999999999998
207,6.99,10.0,1.2558,0.9084,6.9879,1.0371,0.8001,1.0475,-0.21870000000000012,-0.10829999999999995,-5.9403999999999995
170,1.03,10.0,1.1952,0.892,1.0327,1.1424,0.8545,3.6408,-0.05279999999999996,-0.03749999999999998,2.6081000000000003
107,19.0,10.0,2.878,0.9972,18.9998,1.2278,0.9174,5.6466,-1.6502000000000001,-0.07979999999999998,-13.353200000000001
250,8.99,10.0,1.3221,0.9192,8.9928,1.1667,0.8787,4.8137,-0.15539999999999998,-0.04049999999999998,-4.179100000000001
143,12.0,10.0,1.4718,0.924,12.0033,1.0916,0.8297,3.4616,-0.3802000000000001,-0.09430000000000005,-8.541699999999999
71,2.0,10.0,1.3869,0.9417,2.005,1.1059,0.8723,1.5676,-0.2809999999999999,-0.06940000000000002,-0.4373999999999998
274,10.01,10.0,1.2295,0.8703,10.0148,1.0856,0.7969,2.9286,-0.14390000000000014,-0.07339999999999991,-7.0862
96,10.0,10.0,1.6708,0.9763,9.9969,1.1361,0.9288,4.7624,-0.5347,-0.04749999999999999,-5.2345
200,10.99,10.0,1.4403,0.907,10.9873,1.1528,0.8432,4.2456,-0.28749999999999987,-0.06380000000000008,-6.7417
104,0.97,10.0,1.0832,0.8524,0.9687,1.0484,0.7541,2.3935,-0.03479999999999994,-0.09830000000000005,1.4247999999999998
50,1.0,10.0,1.2452,0.9024,0.9996,1.0394,0.7797,-2.2029,-0.20579999999999998,-0.12270000000000003,-3.2025
139,19.0,10.0,2.4947,0.977,19.0034,1.2575,0.8905,4.3778,-1.2371999999999999,-0.08650000000000002,-14.625599999999999
155,9.98,10.0,1.3985,0.91,9.9809,1.1785,0.8656,5.6152,-0.21999999999999997,-0.044399999999999995,-4.3657
3,10.97,10.0,1.5777,0.9496,10.9694,1.2207,0.8796,3.335,-0.3570000000000002,-0.06999999999999995,-7.6344
2,16.99,10.0,1.6032,0.9462,16.9858,1.1858,0.8823,4.3133,-0.4174,-0.06390000000000007,-12.672500000000001
150,1.07,10.0,1.1217,0.8527,1.0683,1.1474,0.8246,4.0902,0.025700000000000056,-0.028100000000000014,3.0219000000000005
213,15.0,10.0,2.2129,0.9438,15.0039,1.2388,0.8456,5.609,-0.9741,-0.09819999999999995,-9.3949
137,12.0,10.0,2.0007,0.9674,12.0009,1.1717,0.8922,4.4236,-0.8290000000000002,-0.07520000000000004,-7.577299999999999
231,6.01,10.0,1.2665,0.9031,6.0095,1.2209,0.8772,4.6086,-0.04559999999999986,-0.025900000000000034,-1.4009
175,4.01,10.0,1.0558,0.88,4.0139,1.0952,0.8407,5.9893,0.03939999999999988,-0.0393,1.9754000000000005
147,5.05,10.0,1.2578,0.8854,5.0478,1.0861,0.8087,2.4222,-0.17169999999999996,-0.07669999999999999,-2.6255999999999995
290,4.49,10.0,1.171,0.8207,4.4857,1.0743,0.8188,2.6019,-0.09670000000000001,-0.0019000000000000128,-1.8837999999999995
201,11.99,10.0,1.5366,0.9292,11.9852,1.1898,0.8946,5.6237,-0.3468,-0.034600000000000075,-6.3615
57,3.0,10.0,1.3565,0.873,2.9981,1.0579,0.789,0.3084,-0.2986,-0.08399999999999996,-2.6897
152,14.02,10.0,2.2842,0.984,14.0173,1.2676,0.9083,7.9909,-1.0165999999999997,-0.07569999999999999,-6.026400000000001
293,8.05,10.0,1.4217,0.9458,8.0518,1.2096,0.8944,5.2284,-0.21209999999999996,-0.0514,-2.8234000000000004
63,6.0,10.0,1.4172,0.939,6.0043,1.0565,0.8848,0.7496,-0.3607,-0.054199999999999915,-5.2547
146,11.99,10.0,1.7126,0.9797,11.9949,1.1158,0.9106,4.2135,-0.5968,-0.06910000000000005,-7.7814
296,9.99,10.0,1.181,0.8607,9.9866,1.1727,0.8197,5.371,-0.008299999999999974,-0.041000000000000036,-4.615599999999999
73,12.02,10.0,1.7783,0.9799,12.0247,1.2229,0.9225,5.9739,-0.5553999999999999,-0.05740000000000001,-6.050799999999999
49,2.03,10.0,1.2806,0.9109,2.0278,1.0554,0.8295,-2.496,-0.22520000000000007,-0.08140000000000003,-4.5238
241,12.01,10.0,1.5744,0.8922,12.0072,1.1751,0.8451,5.0243,-0.3993,-0.04710000000000003,-6.982899999999999
60,18.99,10.0,2.4533,0.9892,18.9944,1.2489,0.9184,5.7369,-1.2044000000000001,-0.07079999999999997,-13.257499999999999
4,5.99,10.0,1.2434,0.8451,5.9906,1.1027,0.7782,-0.533,-0.14070000000000005,-0.06689999999999996,-6.5236
245,3.02,10.0,1.568,0.9579,3.0161,1.1049,0.8739,2.6513,-0.46310000000000007,-0.08399999999999996,-0.3647999999999998
26,12.0,10.0,2.1409,0.9519,11.9998,1.1488,0.8824,6.0071,-0.9920999999999998,-0.0695,-5.9927
110,10.99,10.0,1.412,0.8692,10.99,1.1827,0.822,5.3768,-0.22929999999999984,-0.04720000000000002,-5.6132
52,7.98,10.0,1.6565,0.9344,7.9812,1.126,0.86,2.0302,-0.5305000000000002,-0.07440000000000002,-5.9510000000000005
116,6.0,10.0,1.3968,0.9103,5.9978,1.0583,0.8444,1.9943,-0.3385,-0.06589999999999996,-4.0035
45,14.99,10.0,1.6636,0.9578,14.9904,1.1549,0.8778,5.5157,-0.5086999999999999,-0.07999999999999996,-9.474699999999999
289,6.01,10.0,1.4186,0.909,6.0055,1.0723,0.8241,1.9333,-0.34630000000000005,-0.08489999999999998,-4.0722
8,7.04,10.0,1.2179,0.9223,7.0393,1.085,0.8785,2.8215,-0.13290000000000002,-0.04380000000000006,-4.2178
199,12.0,10.0,1.3774,0.9486,11.9984,1.177,0.901,5.4345,-0.2003999999999999,-0.047599999999999976,-6.5639
176,8.01,10.0,1.1816,0.7891,8.007,1.1142,0.7274,4.7853,-0.0673999999999999,-0.06169999999999998,-3.2216999999999993
282,14.0,10.0,2.0056,0.9546,13.9996,1.205,0.8956,4.5555,-0.8005999999999998,-0.05900000000000005,-9.444099999999999
180,13.0,10.0,1.53,0.955,13.0046,1.1698,0.9026,5.9046,-0.3602000000000001,-0.0524,-7.1
166,18.0,10.0,1.541,0.9534,17.996,1.142,0.8725,5.5142,-0.399,-0.08089999999999997,-12.4818
7,14.01,10.0,2.1293,0.9833,14.0074,1.2114,0.9206,4.9535,-0.9179000000000002,-0.06269999999999998,-9.0539
59,1.06,10.0,1.057,0.8069,1.0584,1.0285,0.7675,0.6622,-0.02849999999999997,-0.03939999999999999,-0.3962
288,6.0,10.0,1.4563,0.9367,6.0034,1.0969,0.8964,3.7504,-0.35939999999999994,-0.0403,-2.253
205,12.01,10.0,1.5789,0.9633,12.007,1.1811,0.8724,4.8589,-0.39779999999999993,-0.09090000000000009,-7.1480999999999995
283,5.99,10.0,1.2507,0.9052,5.9859,1.0766,0.8657,2.0383,-0.17409999999999992,-0.03949999999999998,-3.9476
136,10.01,10.0,1.4429,0.8751,10.0066,1.0707,0.8084,4.0084,-0.3722000000000001,-0.06669999999999998,-5.998200000000001
69,16.0,10.0,1.8016,0.9389,15.998,1.2623,0.8993,5.6584,-0.5393000000000001,-0.03959999999999997,-10.339599999999999
94,6.02,10.0,1.2566,0.8553,6.0172,1.0686,0.7866,2.2255,-0.18799999999999994,-0.06869999999999998,-3.7917
247,6.01,10.0,1.843,0.9858,6.0066,1.1916,0.9138,5.8105,-0.6514,-0.07200000000000006,-0.1960999999999995
232,13.99,10.0,1.7628,0.9638,13.9913,1.2723,0.8743,4.0515,-0.49049999999999994,-0.08950000000000002,-9.939800000000002
64,5.0,10.0,3.192,0.9933,4.9951,1.5942,0.9211,6.0805,-1.5978,-0.07219999999999993,1.0854
220,9.0,10.0,2.1916,0.9792,8.9965,1.1773,0.9153,4.1051,-1.0143000000000002,-0.06389999999999996,-4.891399999999999
229,3.99,10.0,1.2034,0.8729,3.9926,1.2519,0.859,6.789,0.04849999999999999,-0.013900000000000023,2.7963999999999998
181,10.0,10.0,3.337,0.9935,9.9992,1.3199,0.8757,3.7233,-2.0171,-0.11780000000000002,-6.2759
163,1.0,10.0,1.4899,0.9039,1.0024,1.1133,0.8241,0.783,-0.37660000000000005,-0.07979999999999998,-0.21939999999999993
145,17.69,10.0,2.0848,0.9696,17.6945,1.1124,0.8905,4.2969,-0.9723999999999999,-0.07910000000000006,-13.3976
17,3.05,10.0,1.0749,0.8513,3.0536,1.0525,0.8248,0.1577,-0.022399999999999975,-0.026499999999999968,-2.8958999999999997
280,8.0,10.0,1.2798,0.8918,7.9982,1.1062,0.8453,3.4348,-0.17359999999999998,-0.046499999999999986,-4.5634
249,14.0,10.0,2.2994,0.9483,13.9955,1.1708,0.8582,5.717,-1.1285999999999998,-0.09010000000000007,-8.278500000000001
223,4.03,10.0,1.0987,0.8018,4.0307,1.0533,0.7092,1.2072,-0.04540000000000011,-0.0925999999999999,-2.8235
132,12.01,10.0,1.4982,0.9124,12.0123,1.1781,0.852,5.3385,-0.32010000000000005,-0.06040000000000001,-6.6738
118,8.0,10.0,1.2412,0.8666,8.0032,1.116,0.8291,3.3819,-0.12519999999999998,-0.03750000000000009,-4.6213
271,13.99,10.0,1.94,0.9836,13.992,1.1856,0.9273,3.9875,-0.7544,-0.05630000000000002,-10.0045
113,18.99,10.0,2.4335,0.9785,18.9939,1.3147,0.9043,5.9705,-1.1188,-0.07420000000000004,-13.023399999999999
20,7.02,10.0,1.224,0.9276,7.0249,1.1013,0.883,3.2982,-0.12270000000000003,-0.04459999999999997,-3.7266999999999997
67,-0.01,10.0,1.1196,0.8135,-0.007,1.0768,0.7324,-2.2523,-0.04279999999999995,-0.08109999999999995,-2.2453
142,8.06,10.0,1.3254,0.8873,8.0649,1.1024,0.8647,3.8866,-0.22299999999999986,-0.022599999999999953,-4.1783
191,16.0,10.0,1.5994,0.9762,15.9992,1.1807,0.9162,5.5484,-0.41869999999999985,-0.05999999999999994,-10.450800000000001
291,6.0,10.0,1.4894,0.9452,5.996,1.0573,0.851,-0.8283,-0.43210000000000015,-0.09420000000000006,-6.824300000000001
277,3.96,10.0,1.0878,0.8144,3.9638,1.1146,0.7898,4.9511,0.026799999999999935,-0.024600000000000066,0.9873000000000003
33,16.0,10.0,1.6421,0.9571,15.9967,1.2358,0.908,6.5336,-0.4062999999999999,-0.04909999999999992,-9.4631
208,11.01,10.0,1.5255,0.967,11.0082,1.1163,0.8775,2.8193,-0.4092,-0.08950000000000002,-8.1889
264,7.01,10.0,1.2207,0.8759,7.0062,1.0968,0.8198,3.865,-0.1238999999999999,-0.05610000000000004,-3.1411999999999995
42,17.0,10.0,2.1749,0.959,17.001,1.1522,0.8764,4.0133,-1.0227000000000002,-0.0826,-12.9877
285,13.0,10.0,1.2737,0.9793,13.0036,1.1256,0.9021,5.373,-0.14810000000000012,-0.07719999999999994,-7.6306
255,4.07,10.0,1.2204,0.8367,4.0655,1.0802,0.7543,2.3004,-0.14019999999999988,-0.08240000000000003,-1.7651000000000003
287,15.0,10.0,1.9281,0.9584,14.9991,1.1846,0.9034,4.4345,-0.7434999999999998,-0.05500000000000005,-10.5646
165,6.0,10.0,1.7469,0.9619,6.0039,1.2181,0.8911,3.8924,-0.5287999999999999,-0.07079999999999997,-2.1115
167,11.0,10.0,1.5746,0.885,11.003,1.1343,0.8217,4.6724,-0.4402999999999999,-0.06330000000000002,-6.3306000000000004
169,5.98,10.0,1.1369,0.8288,5.9837,1.0789,0.79,3.0897,-0.05800000000000005,-0.038799999999999946,-2.8939999999999997
38,11.99,10.0,1.791,0.956,11.9926,1.1195,0.8929,5.6215,-0.6715,-0.06309999999999993,-6.371099999999999
19,4.99,10.0,1.5963,0.9287,4.9907,1.1328,0.8694,4.3519,-0.4635,-0.05930000000000002,-0.6388000000000007
102,2.0,10.0,1.238,0.8961,2.0033,1.0992,0.8454,1.6862,-0.13880000000000003,-0.05069999999999997,-0.31709999999999994
76,4.97,10.0,1.253,0.8677,4.9745,1.0555,0.7848,2.9409,-0.1974999999999998,-0.08289999999999997,-2.0336
261,5.99,10.0,1.2723,0.8923,5.9916,1.1249,0.8531,3.5066,-0.14739999999999998,-0.03920000000000001,-2.485
214,5.0,10.0,1.7475,0.9772,4.9954,1.1538,0.8941,4.485,-0.5937000000000001,-0.08309999999999995,-0.5103999999999997
134,21.48,10.0,2.1005,0.944,21.4821,1.3335,0.88,7.0345,-0.7669999999999999,-0.06399999999999995,-14.447599999999998
77,7.99,10.0,1.4632,0.903,7.9884,1.169,0.8138,5.6876,-0.2942,-0.08920000000000006,-2.3008000000000006
300,1.94,10.0,1.122,0.8475,1.9391,1.0537,0.7866,1.957,-0.06830000000000003,-0.060900000000000065,0.017900000000000027
14,8.02,10.0,1.2954,0.9424,8.0221,1.1675,0.8905,6.2856,-0.12790000000000012,-0.05190000000000006,-1.7365000000000004
34,7.97,10.0,1.2828,0.9332,7.9702,1.1092,0.8695,3.1578,-0.17359999999999998,-0.06369999999999998,-4.8124
105,9.03,10.0,1.3266,0.854,9.0305,1.15,0.7846,4.6778,-0.1766000000000001,-0.06940000000000002,-4.3527
173,15.0,10.0,1.8221,0.9522,15.0006,1.1328,0.8837,4.9753,-0.6893,-0.0685,-10.025300000000001
37,18.0,10.0,2.2917,0.9929,18.0023,1.1619,0.9033,2.8275,-1.1298000000000001,-0.08960000000000001,-15.174800000000001
5,3.0,10.0,1.4102,0.9279,3.002,1.116,0.837,3.0896,-0.2941999999999998,-0.09089999999999998,0.08760000000000012
112,3.0,10.0,1.3487,0.9654,2.9979,1.1777,0.9042,5.7934,-0.17100000000000004,-0.06120000000000003,2.7955
161,8.02,10.0,1.2617,0.8886,8.0216,1.1425,0.8349,5.0375,-0.11919999999999997,-0.05369999999999997,-2.9840999999999998
221,5.02,10.0,1.4509,0.8395,5.0153,1.1301,0.7209,0.2789,-0.3208,-0.11860000000000004,-4.7364
234,2.0,10.0,1.1464,0.7516,1.9995,1.0647,0.7035,1.9985,-0.0817000000000001,-0.04810000000000003,-0.001000000000000112
54,19.0,10.0,1.6783,0.9713,19.0009,1.268,0.9184,5.7215,-0.4102999999999999,-0.05290000000000006,-13.279400000000003
253,5.02,10.0,1.1776,0.8553,5.0168,1.0555,0.7706,1.3043,-0.12209999999999988,-0.0847,-3.7125
82,15.01,10.0,1.596,0.9384,15.0086,1.2097,0.8856,5.9332,-0.3863000000000001,-0.05279999999999996,-9.075399999999998
53,1.02,10.0,1.0598,0.6871,1.0152,1.1059,0.6736,4.757,0.04610000000000003,-0.013500000000000068,3.7417999999999996
81,14.0,10.0,1.8167,0.9463,13.9993,1.1109,0.8519,2.7418,-0.7058,-0.09440000000000004,-11.2575
218,19.0,10.0,2.6182,0.9823,18.9992,1.172,0.9056,4.9616,-1.4462,-0.07669999999999999,-14.037599999999998
206,13.01,10.0,1.4988,0.9398,13.0122,1.2203,0.8777,6.5199,-0.27849999999999997,-0.06209999999999993,-6.4923
89,5.0,10.0,1.7183,0.9374,5.0,1.1987,0.867,1.2885,-0.5195999999999998,-0.07040000000000002,-3.7115
80,18.0,10.0,1.89,0.9793,17.9958,1.2109,0.9158,5.181,-0.6790999999999998,-0.0635,-12.814799999999998
275,4.0,10.0,1.3016,0.8916,4.0028,1.0947,0.8161,1.7457,-0.20690000000000008,-0.0754999999999999,-2.2570999999999994
48,12.0,10.0,1.331,0.9255,12.0003,1.2534,0.8922,6.8008,-0.07759999999999989,-0.033299999999999996,-5.1995
210,9.08,10.0,1.3674,0.9574,9.0782,1.1555,0.9074,5.2178,-0.21189999999999998,-0.050000000000000044,-3.8604000000000003
117,18.01,10.0,2.167,0.963,18.006,1.3198,0.8913,5.986,-0.8471999999999997,-0.07169999999999999,-12.02
9,18.0,10.0,2.5135,0.9844,17.9953,1.1382,0.8966,3.6635,-1.3753,-0.0878000000000001,-14.331800000000001
228,11.03,10.0,2.1551,0.9729,11.0345,1.1738,0.9165,4.6839,-0.9813000000000001,-0.056400000000000006,-6.350599999999999
130,19.01,10.0,2.4739,0.9878,19.0053,1.3465,0.9133,6.6458,-1.1274,-0.07450000000000001,-12.359499999999997
43,8.03,10.0,1.1967,0.8393,8.0293,1.1371,0.8147,6.3472,-0.0596000000000001,-0.024600000000000066,-1.6820999999999993
